<?xml version="1.0"?>
<hark_xml version="1.3">
    <config>
        <comment>Generated by HARKTOOL5-GUI</comment>
        <SynchronousAverage>16</SynchronousAverage>
        <TSPpath>/usr/share/hark/16384.little_endian.wav</TSPpath>
        <TSPOffset>16384</TSPOffset>
        <PeakSearch from="0" to="0"/>
        <nfft>512</nfft>
        <samplingRate>16000</samplingRate>
        <signalMax>32768</signalMax>
        <TSPLength>16384</TSPLength>
    </config>
    <positions type="tsp" coordinate="cartesian">
        <position x="1.0000" y="0.0000" z="0.0000" id="0" path="/home/yui-sudo/filename_D0.0_H0.0_R1.0.wav"/>
        <position x="0.9998" y="0.0175" z="0.0000" id="1" path="/home/yui-sudo/filename_D1.0_H0.0_R1.0.wav"/>
        <position x="0.9994" y="0.0349" z="0.0000" id="2" path="/home/yui-sudo/filename_D2.0_H0.0_R1.0.wav"/>
        <position x="0.9986" y="0.0523" z="0.0000" id="3" path="/home/yui-sudo/filename_D3.0_H0.0_R1.0.wav"/>
        <position x="0.9976" y="0.0698" z="0.0000" id="4" path="/home/yui-sudo/filename_D4.0_H0.0_R1.0.wav"/>
        <position x="0.9962" y="0.0872" z="0.0000" id="5" path="/home/yui-sudo/filename_D5.0_H0.0_R1.0.wav"/>
        <position x="0.9945" y="0.1045" z="0.0000" id="6" path="/home/yui-sudo/filename_D6.0_H0.0_R1.0.wav"/>
        <position x="0.9925" y="0.1219" z="0.0000" id="7" path="/home/yui-sudo/filename_D7.0_H0.0_R1.0.wav"/>
        <position x="0.9903" y="0.1392" z="0.0000" id="8" path="/home/yui-sudo/filename_D8.0_H0.0_R1.0.wav"/>
        <position x="0.9877" y="0.1564" z="0.0000" id="9" path="/home/yui-sudo/filename_D9.0_H0.0_R1.0.wav"/>
        <position x="0.9848" y="0.1736" z="0.0000" id="10" path="/home/yui-sudo/filename_D10.0_H0.0_R1.0.wav"/>
        <position x="0.9816" y="0.1908" z="0.0000" id="11" path="/home/yui-sudo/filename_D11.0_H0.0_R1.0.wav"/>
        <position x="0.9781" y="0.2079" z="0.0000" id="12" path="/home/yui-sudo/filename_D12.0_H0.0_R1.0.wav"/>
        <position x="0.9744" y="0.2250" z="0.0000" id="13" path="/home/yui-sudo/filename_D13.0_H0.0_R1.0.wav"/>
        <position x="0.9703" y="0.2419" z="0.0000" id="14" path="/home/yui-sudo/filename_D14.0_H0.0_R1.0.wav"/>
        <position x="0.9659" y="0.2588" z="0.0000" id="15" path="/home/yui-sudo/filename_D15.0_H0.0_R1.0.wav"/>
        <position x="0.9613" y="0.2756" z="0.0000" id="16" path="/home/yui-sudo/filename_D16.0_H0.0_R1.0.wav"/>
        <position x="0.9563" y="0.2924" z="0.0000" id="17" path="/home/yui-sudo/filename_D17.0_H0.0_R1.0.wav"/>
        <position x="0.9511" y="0.3090" z="0.0000" id="18" path="/home/yui-sudo/filename_D18.0_H0.0_R1.0.wav"/>
        <position x="0.9455" y="0.3256" z="0.0000" id="19" path="/home/yui-sudo/filename_D19.0_H0.0_R1.0.wav"/>
        <position x="0.9397" y="0.3420" z="0.0000" id="20" path="/home/yui-sudo/filename_D20.0_H0.0_R1.0.wav"/>
        <position x="0.9336" y="0.3584" z="0.0000" id="21" path="/home/yui-sudo/filename_D21.0_H0.0_R1.0.wav"/>
        <position x="0.9272" y="0.3746" z="0.0000" id="22" path="/home/yui-sudo/filename_D22.0_H0.0_R1.0.wav"/>
        <position x="0.9205" y="0.3907" z="0.0000" id="23" path="/home/yui-sudo/filename_D23.0_H0.0_R1.0.wav"/>
        <position x="0.9135" y="0.4067" z="0.0000" id="24" path="/home/yui-sudo/filename_D24.0_H0.0_R1.0.wav"/>
        <position x="0.9063" y="0.4226" z="0.0000" id="25" path="/home/yui-sudo/filename_D25.0_H0.0_R1.0.wav"/>
        <position x="0.8988" y="0.4384" z="0.0000" id="26" path="/home/yui-sudo/filename_D26.0_H0.0_R1.0.wav"/>
        <position x="0.8910" y="0.4540" z="0.0000" id="27" path="/home/yui-sudo/filename_D27.0_H0.0_R1.0.wav"/>
        <position x="0.8829" y="0.4695" z="0.0000" id="28" path="/home/yui-sudo/filename_D28.0_H0.0_R1.0.wav"/>
        <position x="0.8746" y="0.4848" z="0.0000" id="29" path="/home/yui-sudo/filename_D29.0_H0.0_R1.0.wav"/>
        <position x="0.8660" y="0.5000" z="0.0000" id="30" path="/home/yui-sudo/filename_D30.0_H0.0_R1.0.wav"/>
        <position x="0.8572" y="0.5150" z="0.0000" id="31" path="/home/yui-sudo/filename_D31.0_H0.0_R1.0.wav"/>
        <position x="0.8480" y="0.5299" z="0.0000" id="32" path="/home/yui-sudo/filename_D32.0_H0.0_R1.0.wav"/>
        <position x="0.8387" y="0.5446" z="0.0000" id="33" path="/home/yui-sudo/filename_D33.0_H0.0_R1.0.wav"/>
        <position x="0.8290" y="0.5592" z="0.0000" id="34" path="/home/yui-sudo/filename_D34.0_H0.0_R1.0.wav"/>
        <position x="0.8192" y="0.5736" z="0.0000" id="35" path="/home/yui-sudo/filename_D35.0_H0.0_R1.0.wav"/>
        <position x="0.8090" y="0.5878" z="0.0000" id="36" path="/home/yui-sudo/filename_D36.0_H0.0_R1.0.wav"/>
        <position x="0.7986" y="0.6018" z="0.0000" id="37" path="/home/yui-sudo/filename_D37.0_H0.0_R1.0.wav"/>
        <position x="0.7880" y="0.6157" z="0.0000" id="38" path="/home/yui-sudo/filename_D38.0_H0.0_R1.0.wav"/>
        <position x="0.7771" y="0.6293" z="0.0000" id="39" path="/home/yui-sudo/filename_D39.0_H0.0_R1.0.wav"/>
        <position x="0.7660" y="0.6428" z="0.0000" id="40" path="/home/yui-sudo/filename_D40.0_H0.0_R1.0.wav"/>
        <position x="0.7547" y="0.6561" z="0.0000" id="41" path="/home/yui-sudo/filename_D41.0_H0.0_R1.0.wav"/>
        <position x="0.7431" y="0.6691" z="0.0000" id="42" path="/home/yui-sudo/filename_D42.0_H0.0_R1.0.wav"/>
        <position x="0.7314" y="0.6820" z="0.0000" id="43" path="/home/yui-sudo/filename_D43.0_H0.0_R1.0.wav"/>
        <position x="0.7193" y="0.6947" z="0.0000" id="44" path="/home/yui-sudo/filename_D44.0_H0.0_R1.0.wav"/>
        <position x="0.7071" y="0.7071" z="0.0000" id="45" path="/home/yui-sudo/filename_D45.0_H0.0_R1.0.wav"/>
        <position x="0.6947" y="0.7193" z="0.0000" id="46" path="/home/yui-sudo/filename_D46.0_H0.0_R1.0.wav"/>
        <position x="0.6820" y="0.7314" z="0.0000" id="47" path="/home/yui-sudo/filename_D47.0_H0.0_R1.0.wav"/>
        <position x="0.6691" y="0.7431" z="0.0000" id="48" path="/home/yui-sudo/filename_D48.0_H0.0_R1.0.wav"/>
        <position x="0.6561" y="0.7547" z="0.0000" id="49" path="/home/yui-sudo/filename_D49.0_H0.0_R1.0.wav"/>
        <position x="0.6428" y="0.7660" z="0.0000" id="50" path="/home/yui-sudo/filename_D50.0_H0.0_R1.0.wav"/>
        <position x="0.6293" y="0.7771" z="0.0000" id="51" path="/home/yui-sudo/filename_D51.0_H0.0_R1.0.wav"/>
        <position x="0.6157" y="0.7880" z="0.0000" id="52" path="/home/yui-sudo/filename_D52.0_H0.0_R1.0.wav"/>
        <position x="0.6018" y="0.7986" z="0.0000" id="53" path="/home/yui-sudo/filename_D53.0_H0.0_R1.0.wav"/>
        <position x="0.5878" y="0.8090" z="0.0000" id="54" path="/home/yui-sudo/filename_D54.0_H0.0_R1.0.wav"/>
        <position x="0.5736" y="0.8192" z="0.0000" id="55" path="/home/yui-sudo/filename_D55.0_H0.0_R1.0.wav"/>
        <position x="0.5592" y="0.8290" z="0.0000" id="56" path="/home/yui-sudo/filename_D56.0_H0.0_R1.0.wav"/>
        <position x="0.5446" y="0.8387" z="0.0000" id="57" path="/home/yui-sudo/filename_D57.0_H0.0_R1.0.wav"/>
        <position x="0.5299" y="0.8480" z="0.0000" id="58" path="/home/yui-sudo/filename_D58.0_H0.0_R1.0.wav"/>
        <position x="0.5150" y="0.8572" z="0.0000" id="59" path="/home/yui-sudo/filename_D59.0_H0.0_R1.0.wav"/>
        <position x="0.5000" y="0.8660" z="0.0000" id="60" path="/home/yui-sudo/filename_D60.0_H0.0_R1.0.wav"/>
        <position x="0.4848" y="0.8746" z="0.0000" id="61" path="/home/yui-sudo/filename_D61.0_H0.0_R1.0.wav"/>
        <position x="0.4695" y="0.8829" z="0.0000" id="62" path="/home/yui-sudo/filename_D62.0_H0.0_R1.0.wav"/>
        <position x="0.4540" y="0.8910" z="0.0000" id="63" path="/home/yui-sudo/filename_D63.0_H0.0_R1.0.wav"/>
        <position x="0.4384" y="0.8988" z="0.0000" id="64" path="/home/yui-sudo/filename_D64.0_H0.0_R1.0.wav"/>
        <position x="0.4226" y="0.9063" z="0.0000" id="65" path="/home/yui-sudo/filename_D65.0_H0.0_R1.0.wav"/>
        <position x="0.4067" y="0.9135" z="0.0000" id="66" path="/home/yui-sudo/filename_D66.0_H0.0_R1.0.wav"/>
        <position x="0.3907" y="0.9205" z="0.0000" id="67" path="/home/yui-sudo/filename_D67.0_H0.0_R1.0.wav"/>
        <position x="0.3746" y="0.9272" z="0.0000" id="68" path="/home/yui-sudo/filename_D68.0_H0.0_R1.0.wav"/>
        <position x="0.3584" y="0.9336" z="0.0000" id="69" path="/home/yui-sudo/filename_D69.0_H0.0_R1.0.wav"/>
        <position x="0.3420" y="0.9397" z="0.0000" id="70" path="/home/yui-sudo/filename_D70.0_H0.0_R1.0.wav"/>
        <position x="0.3256" y="0.9455" z="0.0000" id="71" path="/home/yui-sudo/filename_D71.0_H0.0_R1.0.wav"/>
        <position x="0.3090" y="0.9511" z="0.0000" id="72" path="/home/yui-sudo/filename_D72.0_H0.0_R1.0.wav"/>
        <position x="0.2924" y="0.9563" z="0.0000" id="73" path="/home/yui-sudo/filename_D73.0_H0.0_R1.0.wav"/>
        <position x="0.2756" y="0.9613" z="0.0000" id="74" path="/home/yui-sudo/filename_D74.0_H0.0_R1.0.wav"/>
        <position x="0.2588" y="0.9659" z="0.0000" id="75" path="/home/yui-sudo/filename_D75.0_H0.0_R1.0.wav"/>
        <position x="0.2419" y="0.9703" z="0.0000" id="76" path="/home/yui-sudo/filename_D76.0_H0.0_R1.0.wav"/>
        <position x="0.2250" y="0.9744" z="0.0000" id="77" path="/home/yui-sudo/filename_D77.0_H0.0_R1.0.wav"/>
        <position x="0.2079" y="0.9781" z="0.0000" id="78" path="/home/yui-sudo/filename_D78.0_H0.0_R1.0.wav"/>
        <position x="0.1908" y="0.9816" z="0.0000" id="79" path="/home/yui-sudo/filename_D79.0_H0.0_R1.0.wav"/>
        <position x="0.1736" y="0.9848" z="0.0000" id="80" path="/home/yui-sudo/filename_D80.0_H0.0_R1.0.wav"/>
        <position x="0.1564" y="0.9877" z="0.0000" id="81" path="/home/yui-sudo/filename_D81.0_H0.0_R1.0.wav"/>
        <position x="0.1392" y="0.9903" z="0.0000" id="82" path="/home/yui-sudo/filename_D82.0_H0.0_R1.0.wav"/>
        <position x="0.1219" y="0.9925" z="0.0000" id="83" path="/home/yui-sudo/filename_D83.0_H0.0_R1.0.wav"/>
        <position x="0.1045" y="0.9945" z="0.0000" id="84" path="/home/yui-sudo/filename_D84.0_H0.0_R1.0.wav"/>
        <position x="0.0872" y="0.9962" z="0.0000" id="85" path="/home/yui-sudo/filename_D85.0_H0.0_R1.0.wav"/>
        <position x="0.0698" y="0.9976" z="0.0000" id="86" path="/home/yui-sudo/filename_D86.0_H0.0_R1.0.wav"/>
        <position x="0.0523" y="0.9986" z="0.0000" id="87" path="/home/yui-sudo/filename_D87.0_H0.0_R1.0.wav"/>
        <position x="0.0349" y="0.9994" z="0.0000" id="88" path="/home/yui-sudo/filename_D88.0_H0.0_R1.0.wav"/>
        <position x="0.0175" y="0.9998" z="0.0000" id="89" path="/home/yui-sudo/filename_D89.0_H0.0_R1.0.wav"/>
        <position x="0.0000" y="1.0000" z="0.0000" id="90" path="/home/yui-sudo/filename_D90.0_H0.0_R1.0.wav"/>
        <position x="-0.0175" y="0.9998" z="0.0000" id="91" path="/home/yui-sudo/filename_D91.0_H0.0_R1.0.wav"/>
        <position x="-0.0349" y="0.9994" z="0.0000" id="92" path="/home/yui-sudo/filename_D92.0_H0.0_R1.0.wav"/>
        <position x="-0.0523" y="0.9986" z="0.0000" id="93" path="/home/yui-sudo/filename_D93.0_H0.0_R1.0.wav"/>
        <position x="-0.0698" y="0.9976" z="0.0000" id="94" path="/home/yui-sudo/filename_D94.0_H0.0_R1.0.wav"/>
        <position x="-0.0872" y="0.9962" z="0.0000" id="95" path="/home/yui-sudo/filename_D95.0_H0.0_R1.0.wav"/>
        <position x="-0.1045" y="0.9945" z="0.0000" id="96" path="/home/yui-sudo/filename_D96.0_H0.0_R1.0.wav"/>
        <position x="-0.1219" y="0.9925" z="0.0000" id="97" path="/home/yui-sudo/filename_D97.0_H0.0_R1.0.wav"/>
        <position x="-0.1392" y="0.9903" z="0.0000" id="98" path="/home/yui-sudo/filename_D98.0_H0.0_R1.0.wav"/>
        <position x="-0.1564" y="0.9877" z="0.0000" id="99" path="/home/yui-sudo/filename_D99.0_H0.0_R1.0.wav"/>
        <position x="-0.1736" y="0.9848" z="0.0000" id="100" path="/home/yui-sudo/filename_D100.0_H0.0_R1.0.wav"/>
        <position x="-0.1908" y="0.9816" z="0.0000" id="101" path="/home/yui-sudo/filename_D101.0_H0.0_R1.0.wav"/>
        <position x="-0.2079" y="0.9781" z="0.0000" id="102" path="/home/yui-sudo/filename_D102.0_H0.0_R1.0.wav"/>
        <position x="-0.2250" y="0.9744" z="0.0000" id="103" path="/home/yui-sudo/filename_D103.0_H0.0_R1.0.wav"/>
        <position x="-0.2419" y="0.9703" z="0.0000" id="104" path="/home/yui-sudo/filename_D104.0_H0.0_R1.0.wav"/>
        <position x="-0.2588" y="0.9659" z="0.0000" id="105" path="/home/yui-sudo/filename_D105.0_H0.0_R1.0.wav"/>
        <position x="-0.2756" y="0.9613" z="0.0000" id="106" path="/home/yui-sudo/filename_D106.0_H0.0_R1.0.wav"/>
        <position x="-0.2924" y="0.9563" z="0.0000" id="107" path="/home/yui-sudo/filename_D107.0_H0.0_R1.0.wav"/>
        <position x="-0.3090" y="0.9511" z="0.0000" id="108" path="/home/yui-sudo/filename_D108.0_H0.0_R1.0.wav"/>
        <position x="-0.3256" y="0.9455" z="0.0000" id="109" path="/home/yui-sudo/filename_D109.0_H0.0_R1.0.wav"/>
        <position x="-0.3420" y="0.9397" z="0.0000" id="110" path="/home/yui-sudo/filename_D110.0_H0.0_R1.0.wav"/>
        <position x="-0.3584" y="0.9336" z="0.0000" id="111" path="/home/yui-sudo/filename_D111.0_H0.0_R1.0.wav"/>
        <position x="-0.3746" y="0.9272" z="0.0000" id="112" path="/home/yui-sudo/filename_D112.0_H0.0_R1.0.wav"/>
        <position x="-0.3907" y="0.9205" z="0.0000" id="113" path="/home/yui-sudo/filename_D113.0_H0.0_R1.0.wav"/>
        <position x="-0.4067" y="0.9135" z="0.0000" id="114" path="/home/yui-sudo/filename_D114.0_H0.0_R1.0.wav"/>
        <position x="-0.4226" y="0.9063" z="0.0000" id="115" path="/home/yui-sudo/filename_D115.0_H0.0_R1.0.wav"/>
        <position x="-0.4384" y="0.8988" z="0.0000" id="116" path="/home/yui-sudo/filename_D116.0_H0.0_R1.0.wav"/>
        <position x="-0.4540" y="0.8910" z="0.0000" id="117" path="/home/yui-sudo/filename_D117.0_H0.0_R1.0.wav"/>
        <position x="-0.4695" y="0.8829" z="0.0000" id="118" path="/home/yui-sudo/filename_D118.0_H0.0_R1.0.wav"/>
        <position x="-0.4848" y="0.8746" z="0.0000" id="119" path="/home/yui-sudo/filename_D119.0_H0.0_R1.0.wav"/>
        <position x="-0.5000" y="0.8660" z="0.0000" id="120" path="/home/yui-sudo/filename_D120.0_H0.0_R1.0.wav"/>
        <position x="-0.5150" y="0.8572" z="0.0000" id="121" path="/home/yui-sudo/filename_D121.0_H0.0_R1.0.wav"/>
        <position x="-0.5299" y="0.8480" z="0.0000" id="122" path="/home/yui-sudo/filename_D122.0_H0.0_R1.0.wav"/>
        <position x="-0.5446" y="0.8387" z="0.0000" id="123" path="/home/yui-sudo/filename_D123.0_H0.0_R1.0.wav"/>
        <position x="-0.5592" y="0.8290" z="0.0000" id="124" path="/home/yui-sudo/filename_D124.0_H0.0_R1.0.wav"/>
        <position x="-0.5736" y="0.8192" z="0.0000" id="125" path="/home/yui-sudo/filename_D125.0_H0.0_R1.0.wav"/>
        <position x="-0.5878" y="0.8090" z="0.0000" id="126" path="/home/yui-sudo/filename_D126.0_H0.0_R1.0.wav"/>
        <position x="-0.6018" y="0.7986" z="0.0000" id="127" path="/home/yui-sudo/filename_D127.0_H0.0_R1.0.wav"/>
        <position x="-0.6157" y="0.7880" z="0.0000" id="128" path="/home/yui-sudo/filename_D128.0_H0.0_R1.0.wav"/>
        <position x="-0.6293" y="0.7771" z="0.0000" id="129" path="/home/yui-sudo/filename_D129.0_H0.0_R1.0.wav"/>
        <position x="-0.6428" y="0.7660" z="0.0000" id="130" path="/home/yui-sudo/filename_D130.0_H0.0_R1.0.wav"/>
        <position x="-0.6561" y="0.7547" z="0.0000" id="131" path="/home/yui-sudo/filename_D131.0_H0.0_R1.0.wav"/>
        <position x="-0.6691" y="0.7431" z="0.0000" id="132" path="/home/yui-sudo/filename_D132.0_H0.0_R1.0.wav"/>
        <position x="-0.6820" y="0.7314" z="0.0000" id="133" path="/home/yui-sudo/filename_D133.0_H0.0_R1.0.wav"/>
        <position x="-0.6947" y="0.7193" z="0.0000" id="134" path="/home/yui-sudo/filename_D134.0_H0.0_R1.0.wav"/>
        <position x="-0.7071" y="0.7071" z="0.0000" id="135" path="/home/yui-sudo/filename_D135.0_H0.0_R1.0.wav"/>
        <position x="-0.7193" y="0.6947" z="0.0000" id="136" path="/home/yui-sudo/filename_D136.0_H0.0_R1.0.wav"/>
        <position x="-0.7314" y="0.6820" z="0.0000" id="137" path="/home/yui-sudo/filename_D137.0_H0.0_R1.0.wav"/>
        <position x="-0.7431" y="0.6691" z="0.0000" id="138" path="/home/yui-sudo/filename_D138.0_H0.0_R1.0.wav"/>
        <position x="-0.7547" y="0.6561" z="0.0000" id="139" path="/home/yui-sudo/filename_D139.0_H0.0_R1.0.wav"/>
        <position x="-0.7660" y="0.6428" z="0.0000" id="140" path="/home/yui-sudo/filename_D140.0_H0.0_R1.0.wav"/>
        <position x="-0.7771" y="0.6293" z="0.0000" id="141" path="/home/yui-sudo/filename_D141.0_H0.0_R1.0.wav"/>
        <position x="-0.7880" y="0.6157" z="0.0000" id="142" path="/home/yui-sudo/filename_D142.0_H0.0_R1.0.wav"/>
        <position x="-0.7986" y="0.6018" z="0.0000" id="143" path="/home/yui-sudo/filename_D143.0_H0.0_R1.0.wav"/>
        <position x="-0.8090" y="0.5878" z="0.0000" id="144" path="/home/yui-sudo/filename_D144.0_H0.0_R1.0.wav"/>
        <position x="-0.8192" y="0.5736" z="0.0000" id="145" path="/home/yui-sudo/filename_D145.0_H0.0_R1.0.wav"/>
        <position x="-0.8290" y="0.5592" z="0.0000" id="146" path="/home/yui-sudo/filename_D146.0_H0.0_R1.0.wav"/>
        <position x="-0.8387" y="0.5446" z="0.0000" id="147" path="/home/yui-sudo/filename_D147.0_H0.0_R1.0.wav"/>
        <position x="-0.8480" y="0.5299" z="0.0000" id="148" path="/home/yui-sudo/filename_D148.0_H0.0_R1.0.wav"/>
        <position x="-0.8572" y="0.5150" z="0.0000" id="149" path="/home/yui-sudo/filename_D149.0_H0.0_R1.0.wav"/>
        <position x="-0.8660" y="0.5000" z="0.0000" id="150" path="/home/yui-sudo/filename_D150.0_H0.0_R1.0.wav"/>
        <position x="-0.8746" y="0.4848" z="0.0000" id="151" path="/home/yui-sudo/filename_D151.0_H0.0_R1.0.wav"/>
        <position x="-0.8829" y="0.4695" z="0.0000" id="152" path="/home/yui-sudo/filename_D152.0_H0.0_R1.0.wav"/>
        <position x="-0.8910" y="0.4540" z="0.0000" id="153" path="/home/yui-sudo/filename_D153.0_H0.0_R1.0.wav"/>
        <position x="-0.8988" y="0.4384" z="0.0000" id="154" path="/home/yui-sudo/filename_D154.0_H0.0_R1.0.wav"/>
        <position x="-0.9063" y="0.4226" z="0.0000" id="155" path="/home/yui-sudo/filename_D155.0_H0.0_R1.0.wav"/>
        <position x="-0.9135" y="0.4067" z="0.0000" id="156" path="/home/yui-sudo/filename_D156.0_H0.0_R1.0.wav"/>
        <position x="-0.9205" y="0.3907" z="0.0000" id="157" path="/home/yui-sudo/filename_D157.0_H0.0_R1.0.wav"/>
        <position x="-0.9272" y="0.3746" z="0.0000" id="158" path="/home/yui-sudo/filename_D158.0_H0.0_R1.0.wav"/>
        <position x="-0.9336" y="0.3584" z="0.0000" id="159" path="/home/yui-sudo/filename_D159.0_H0.0_R1.0.wav"/>
        <position x="-0.9397" y="0.3420" z="0.0000" id="160" path="/home/yui-sudo/filename_D160.0_H0.0_R1.0.wav"/>
        <position x="-0.9455" y="0.3256" z="0.0000" id="161" path="/home/yui-sudo/filename_D161.0_H0.0_R1.0.wav"/>
        <position x="-0.9511" y="0.3090" z="0.0000" id="162" path="/home/yui-sudo/filename_D162.0_H0.0_R1.0.wav"/>
        <position x="-0.9563" y="0.2924" z="0.0000" id="163" path="/home/yui-sudo/filename_D163.0_H0.0_R1.0.wav"/>
        <position x="-0.9613" y="0.2756" z="0.0000" id="164" path="/home/yui-sudo/filename_D164.0_H0.0_R1.0.wav"/>
        <position x="-0.9659" y="0.2588" z="0.0000" id="165" path="/home/yui-sudo/filename_D165.0_H0.0_R1.0.wav"/>
        <position x="-0.9703" y="0.2419" z="0.0000" id="166" path="/home/yui-sudo/filename_D166.0_H0.0_R1.0.wav"/>
        <position x="-0.9744" y="0.2250" z="0.0000" id="167" path="/home/yui-sudo/filename_D167.0_H0.0_R1.0.wav"/>
        <position x="-0.9781" y="0.2079" z="0.0000" id="168" path="/home/yui-sudo/filename_D168.0_H0.0_R1.0.wav"/>
        <position x="-0.9816" y="0.1908" z="0.0000" id="169" path="/home/yui-sudo/filename_D169.0_H0.0_R1.0.wav"/>
        <position x="-0.9848" y="0.1736" z="0.0000" id="170" path="/home/yui-sudo/filename_D170.0_H0.0_R1.0.wav"/>
        <position x="-0.9877" y="0.1564" z="0.0000" id="171" path="/home/yui-sudo/filename_D171.0_H0.0_R1.0.wav"/>
        <position x="-0.9903" y="0.1392" z="0.0000" id="172" path="/home/yui-sudo/filename_D172.0_H0.0_R1.0.wav"/>
        <position x="-0.9925" y="0.1219" z="0.0000" id="173" path="/home/yui-sudo/filename_D173.0_H0.0_R1.0.wav"/>
        <position x="-0.9945" y="0.1045" z="0.0000" id="174" path="/home/yui-sudo/filename_D174.0_H0.0_R1.0.wav"/>
        <position x="-0.9962" y="0.0872" z="0.0000" id="175" path="/home/yui-sudo/filename_D175.0_H0.0_R1.0.wav"/>
        <position x="-0.9976" y="0.0698" z="0.0000" id="176" path="/home/yui-sudo/filename_D176.0_H0.0_R1.0.wav"/>
        <position x="-0.9986" y="0.0523" z="0.0000" id="177" path="/home/yui-sudo/filename_D177.0_H0.0_R1.0.wav"/>
        <position x="-0.9994" y="0.0349" z="0.0000" id="178" path="/home/yui-sudo/filename_D178.0_H0.0_R1.0.wav"/>
        <position x="-0.9998" y="0.0175" z="0.0000" id="179" path="/home/yui-sudo/filename_D179.0_H0.0_R1.0.wav"/>
        <position x="-1.0000" y="0.0000" z="0.0000" id="180" path="/home/yui-sudo/filename_D180.0_H0.0_R1.0.wav"/>
        <position x="-0.9998" y="-0.0175" z="0.0000" id="181" path="/home/yui-sudo/filename_D181.0_H0.0_R1.0.wav"/>
        <position x="-0.9994" y="-0.0349" z="0.0000" id="182" path="/home/yui-sudo/filename_D182.0_H0.0_R1.0.wav"/>
        <position x="-0.9986" y="-0.0523" z="0.0000" id="183" path="/home/yui-sudo/filename_D183.0_H0.0_R1.0.wav"/>
        <position x="-0.9976" y="-0.0698" z="0.0000" id="184" path="/home/yui-sudo/filename_D184.0_H0.0_R1.0.wav"/>
        <position x="-0.9962" y="-0.0872" z="0.0000" id="185" path="/home/yui-sudo/filename_D185.0_H0.0_R1.0.wav"/>
        <position x="-0.9945" y="-0.1045" z="0.0000" id="186" path="/home/yui-sudo/filename_D186.0_H0.0_R1.0.wav"/>
        <position x="-0.9925" y="-0.1219" z="0.0000" id="187" path="/home/yui-sudo/filename_D187.0_H0.0_R1.0.wav"/>
        <position x="-0.9903" y="-0.1392" z="0.0000" id="188" path="/home/yui-sudo/filename_D188.0_H0.0_R1.0.wav"/>
        <position x="-0.9877" y="-0.1564" z="0.0000" id="189" path="/home/yui-sudo/filename_D189.0_H0.0_R1.0.wav"/>
        <position x="-0.9848" y="-0.1736" z="0.0000" id="190" path="/home/yui-sudo/filename_D190.0_H0.0_R1.0.wav"/>
        <position x="-0.9816" y="-0.1908" z="0.0000" id="191" path="/home/yui-sudo/filename_D191.0_H0.0_R1.0.wav"/>
        <position x="-0.9781" y="-0.2079" z="0.0000" id="192" path="/home/yui-sudo/filename_D192.0_H0.0_R1.0.wav"/>
        <position x="-0.9744" y="-0.2250" z="0.0000" id="193" path="/home/yui-sudo/filename_D193.0_H0.0_R1.0.wav"/>
        <position x="-0.9703" y="-0.2419" z="0.0000" id="194" path="/home/yui-sudo/filename_D194.0_H0.0_R1.0.wav"/>
        <position x="-0.9659" y="-0.2588" z="0.0000" id="195" path="/home/yui-sudo/filename_D195.0_H0.0_R1.0.wav"/>
        <position x="-0.9613" y="-0.2756" z="0.0000" id="196" path="/home/yui-sudo/filename_D196.0_H0.0_R1.0.wav"/>
        <position x="-0.9563" y="-0.2924" z="0.0000" id="197" path="/home/yui-sudo/filename_D197.0_H0.0_R1.0.wav"/>
        <position x="-0.9511" y="-0.3090" z="0.0000" id="198" path="/home/yui-sudo/filename_D198.0_H0.0_R1.0.wav"/>
        <position x="-0.9455" y="-0.3256" z="0.0000" id="199" path="/home/yui-sudo/filename_D199.0_H0.0_R1.0.wav"/>
        <position x="-0.9397" y="-0.3420" z="0.0000" id="200" path="/home/yui-sudo/filename_D200.0_H0.0_R1.0.wav"/>
        <position x="-0.9336" y="-0.3584" z="0.0000" id="201" path="/home/yui-sudo/filename_D201.0_H0.0_R1.0.wav"/>
        <position x="-0.9272" y="-0.3746" z="0.0000" id="202" path="/home/yui-sudo/filename_D202.0_H0.0_R1.0.wav"/>
        <position x="-0.9205" y="-0.3907" z="0.0000" id="203" path="/home/yui-sudo/filename_D203.0_H0.0_R1.0.wav"/>
        <position x="-0.9135" y="-0.4067" z="0.0000" id="204" path="/home/yui-sudo/filename_D204.0_H0.0_R1.0.wav"/>
        <position x="-0.9063" y="-0.4226" z="0.0000" id="205" path="/home/yui-sudo/filename_D205.0_H0.0_R1.0.wav"/>
        <position x="-0.8988" y="-0.4384" z="0.0000" id="206" path="/home/yui-sudo/filename_D206.0_H0.0_R1.0.wav"/>
        <position x="-0.8910" y="-0.4540" z="0.0000" id="207" path="/home/yui-sudo/filename_D207.0_H0.0_R1.0.wav"/>
        <position x="-0.8829" y="-0.4695" z="0.0000" id="208" path="/home/yui-sudo/filename_D208.0_H0.0_R1.0.wav"/>
        <position x="-0.8746" y="-0.4848" z="0.0000" id="209" path="/home/yui-sudo/filename_D209.0_H0.0_R1.0.wav"/>
        <position x="-0.8660" y="-0.5000" z="0.0000" id="210" path="/home/yui-sudo/filename_D210.0_H0.0_R1.0.wav"/>
        <position x="-0.8572" y="-0.5150" z="0.0000" id="211" path="/home/yui-sudo/filename_D211.0_H0.0_R1.0.wav"/>
        <position x="-0.8480" y="-0.5299" z="0.0000" id="212" path="/home/yui-sudo/filename_D212.0_H0.0_R1.0.wav"/>
        <position x="-0.8387" y="-0.5446" z="0.0000" id="213" path="/home/yui-sudo/filename_D213.0_H0.0_R1.0.wav"/>
        <position x="-0.8290" y="-0.5592" z="0.0000" id="214" path="/home/yui-sudo/filename_D214.0_H0.0_R1.0.wav"/>
        <position x="-0.8192" y="-0.5736" z="0.0000" id="215" path="/home/yui-sudo/filename_D215.0_H0.0_R1.0.wav"/>
        <position x="-0.8090" y="-0.5878" z="0.0000" id="216" path="/home/yui-sudo/filename_D216.0_H0.0_R1.0.wav"/>
        <position x="-0.7986" y="-0.6018" z="0.0000" id="217" path="/home/yui-sudo/filename_D217.0_H0.0_R1.0.wav"/>
        <position x="-0.7880" y="-0.6157" z="0.0000" id="218" path="/home/yui-sudo/filename_D218.0_H0.0_R1.0.wav"/>
        <position x="-0.7771" y="-0.6293" z="0.0000" id="219" path="/home/yui-sudo/filename_D219.0_H0.0_R1.0.wav"/>
        <position x="-0.7660" y="-0.6428" z="0.0000" id="220" path="/home/yui-sudo/filename_D220.0_H0.0_R1.0.wav"/>
        <position x="-0.7547" y="-0.6561" z="0.0000" id="221" path="/home/yui-sudo/filename_D221.0_H0.0_R1.0.wav"/>
        <position x="-0.7431" y="-0.6691" z="0.0000" id="222" path="/home/yui-sudo/filename_D222.0_H0.0_R1.0.wav"/>
        <position x="-0.7314" y="-0.6820" z="0.0000" id="223" path="/home/yui-sudo/filename_D223.0_H0.0_R1.0.wav"/>
        <position x="-0.7193" y="-0.6947" z="0.0000" id="224" path="/home/yui-sudo/filename_D224.0_H0.0_R1.0.wav"/>
        <position x="-0.7071" y="-0.7071" z="0.0000" id="225" path="/home/yui-sudo/filename_D225.0_H0.0_R1.0.wav"/>
        <position x="-0.6947" y="-0.7193" z="0.0000" id="226" path="/home/yui-sudo/filename_D226.0_H0.0_R1.0.wav"/>
        <position x="-0.6820" y="-0.7314" z="0.0000" id="227" path="/home/yui-sudo/filename_D227.0_H0.0_R1.0.wav"/>
        <position x="-0.6691" y="-0.7431" z="0.0000" id="228" path="/home/yui-sudo/filename_D228.0_H0.0_R1.0.wav"/>
        <position x="-0.6561" y="-0.7547" z="0.0000" id="229" path="/home/yui-sudo/filename_D229.0_H0.0_R1.0.wav"/>
        <position x="-0.6428" y="-0.7660" z="0.0000" id="230" path="/home/yui-sudo/filename_D230.0_H0.0_R1.0.wav"/>
        <position x="-0.6293" y="-0.7771" z="0.0000" id="231" path="/home/yui-sudo/filename_D231.0_H0.0_R1.0.wav"/>
        <position x="-0.6157" y="-0.7880" z="0.0000" id="232" path="/home/yui-sudo/filename_D232.0_H0.0_R1.0.wav"/>
        <position x="-0.6018" y="-0.7986" z="0.0000" id="233" path="/home/yui-sudo/filename_D233.0_H0.0_R1.0.wav"/>
        <position x="-0.5878" y="-0.8090" z="0.0000" id="234" path="/home/yui-sudo/filename_D234.0_H0.0_R1.0.wav"/>
        <position x="-0.5736" y="-0.8192" z="0.0000" id="235" path="/home/yui-sudo/filename_D235.0_H0.0_R1.0.wav"/>
        <position x="-0.5592" y="-0.8290" z="0.0000" id="236" path="/home/yui-sudo/filename_D236.0_H0.0_R1.0.wav"/>
        <position x="-0.5446" y="-0.8387" z="0.0000" id="237" path="/home/yui-sudo/filename_D237.0_H0.0_R1.0.wav"/>
        <position x="-0.5299" y="-0.8480" z="0.0000" id="238" path="/home/yui-sudo/filename_D238.0_H0.0_R1.0.wav"/>
        <position x="-0.5150" y="-0.8572" z="0.0000" id="239" path="/home/yui-sudo/filename_D239.0_H0.0_R1.0.wav"/>
        <position x="-0.5000" y="-0.8660" z="0.0000" id="240" path="/home/yui-sudo/filename_D240.0_H0.0_R1.0.wav"/>
        <position x="-0.4848" y="-0.8746" z="0.0000" id="241" path="/home/yui-sudo/filename_D241.0_H0.0_R1.0.wav"/>
        <position x="-0.4695" y="-0.8829" z="0.0000" id="242" path="/home/yui-sudo/filename_D242.0_H0.0_R1.0.wav"/>
        <position x="-0.4540" y="-0.8910" z="0.0000" id="243" path="/home/yui-sudo/filename_D243.0_H0.0_R1.0.wav"/>
        <position x="-0.4384" y="-0.8988" z="0.0000" id="244" path="/home/yui-sudo/filename_D244.0_H0.0_R1.0.wav"/>
        <position x="-0.4226" y="-0.9063" z="0.0000" id="245" path="/home/yui-sudo/filename_D245.0_H0.0_R1.0.wav"/>
        <position x="-0.4067" y="-0.9135" z="0.0000" id="246" path="/home/yui-sudo/filename_D246.0_H0.0_R1.0.wav"/>
        <position x="-0.3907" y="-0.9205" z="0.0000" id="247" path="/home/yui-sudo/filename_D247.0_H0.0_R1.0.wav"/>
        <position x="-0.3746" y="-0.9272" z="0.0000" id="248" path="/home/yui-sudo/filename_D248.0_H0.0_R1.0.wav"/>
        <position x="-0.3584" y="-0.9336" z="0.0000" id="249" path="/home/yui-sudo/filename_D249.0_H0.0_R1.0.wav"/>
        <position x="-0.3420" y="-0.9397" z="0.0000" id="250" path="/home/yui-sudo/filename_D250.0_H0.0_R1.0.wav"/>
        <position x="-0.3256" y="-0.9455" z="0.0000" id="251" path="/home/yui-sudo/filename_D251.0_H0.0_R1.0.wav"/>
        <position x="-0.3090" y="-0.9511" z="0.0000" id="252" path="/home/yui-sudo/filename_D252.0_H0.0_R1.0.wav"/>
        <position x="-0.2924" y="-0.9563" z="0.0000" id="253" path="/home/yui-sudo/filename_D253.0_H0.0_R1.0.wav"/>
        <position x="-0.2756" y="-0.9613" z="0.0000" id="254" path="/home/yui-sudo/filename_D254.0_H0.0_R1.0.wav"/>
        <position x="-0.2588" y="-0.9659" z="0.0000" id="255" path="/home/yui-sudo/filename_D255.0_H0.0_R1.0.wav"/>
        <position x="-0.2419" y="-0.9703" z="0.0000" id="256" path="/home/yui-sudo/filename_D256.0_H0.0_R1.0.wav"/>
        <position x="-0.2250" y="-0.9744" z="0.0000" id="257" path="/home/yui-sudo/filename_D257.0_H0.0_R1.0.wav"/>
        <position x="-0.2079" y="-0.9781" z="0.0000" id="258" path="/home/yui-sudo/filename_D258.0_H0.0_R1.0.wav"/>
        <position x="-0.1908" y="-0.9816" z="0.0000" id="259" path="/home/yui-sudo/filename_D259.0_H0.0_R1.0.wav"/>
        <position x="-0.1736" y="-0.9848" z="0.0000" id="260" path="/home/yui-sudo/filename_D260.0_H0.0_R1.0.wav"/>
        <position x="-0.1564" y="-0.9877" z="0.0000" id="261" path="/home/yui-sudo/filename_D261.0_H0.0_R1.0.wav"/>
        <position x="-0.1392" y="-0.9903" z="0.0000" id="262" path="/home/yui-sudo/filename_D262.0_H0.0_R1.0.wav"/>
        <position x="-0.1219" y="-0.9925" z="0.0000" id="263" path="/home/yui-sudo/filename_D263.0_H0.0_R1.0.wav"/>
        <position x="-0.1045" y="-0.9945" z="0.0000" id="264" path="/home/yui-sudo/filename_D264.0_H0.0_R1.0.wav"/>
        <position x="-0.0872" y="-0.9962" z="0.0000" id="265" path="/home/yui-sudo/filename_D265.0_H0.0_R1.0.wav"/>
        <position x="-0.0698" y="-0.9976" z="0.0000" id="266" path="/home/yui-sudo/filename_D266.0_H0.0_R1.0.wav"/>
        <position x="-0.0523" y="-0.9986" z="0.0000" id="267" path="/home/yui-sudo/filename_D267.0_H0.0_R1.0.wav"/>
        <position x="-0.0349" y="-0.9994" z="0.0000" id="268" path="/home/yui-sudo/filename_D268.0_H0.0_R1.0.wav"/>
        <position x="-0.0175" y="-0.9998" z="0.0000" id="269" path="/home/yui-sudo/filename_D269.0_H0.0_R1.0.wav"/>
        <position x="0.0000" y="-1.0000" z="0.0000" id="270" path="/home/yui-sudo/filename_D270.0_H0.0_R1.0.wav"/>
        <position x="0.0175" y="-0.9998" z="0.0000" id="271" path="/home/yui-sudo/filename_D271.0_H0.0_R1.0.wav"/>
        <position x="0.0349" y="-0.9994" z="0.0000" id="272" path="/home/yui-sudo/filename_D272.0_H0.0_R1.0.wav"/>
        <position x="0.0523" y="-0.9986" z="0.0000" id="273" path="/home/yui-sudo/filename_D273.0_H0.0_R1.0.wav"/>
        <position x="0.0698" y="-0.9976" z="0.0000" id="274" path="/home/yui-sudo/filename_D274.0_H0.0_R1.0.wav"/>
        <position x="0.0872" y="-0.9962" z="0.0000" id="275" path="/home/yui-sudo/filename_D275.0_H0.0_R1.0.wav"/>
        <position x="0.1045" y="-0.9945" z="0.0000" id="276" path="/home/yui-sudo/filename_D276.0_H0.0_R1.0.wav"/>
        <position x="0.1219" y="-0.9925" z="0.0000" id="277" path="/home/yui-sudo/filename_D277.0_H0.0_R1.0.wav"/>
        <position x="0.1392" y="-0.9903" z="0.0000" id="278" path="/home/yui-sudo/filename_D278.0_H0.0_R1.0.wav"/>
        <position x="0.1564" y="-0.9877" z="0.0000" id="279" path="/home/yui-sudo/filename_D279.0_H0.0_R1.0.wav"/>
        <position x="0.1736" y="-0.9848" z="0.0000" id="280" path="/home/yui-sudo/filename_D280.0_H0.0_R1.0.wav"/>
        <position x="0.1908" y="-0.9816" z="0.0000" id="281" path="/home/yui-sudo/filename_D281.0_H0.0_R1.0.wav"/>
        <position x="0.2079" y="-0.9781" z="0.0000" id="282" path="/home/yui-sudo/filename_D282.0_H0.0_R1.0.wav"/>
        <position x="0.2250" y="-0.9744" z="0.0000" id="283" path="/home/yui-sudo/filename_D283.0_H0.0_R1.0.wav"/>
        <position x="0.2419" y="-0.9703" z="0.0000" id="284" path="/home/yui-sudo/filename_D284.0_H0.0_R1.0.wav"/>
        <position x="0.2588" y="-0.9659" z="0.0000" id="285" path="/home/yui-sudo/filename_D285.0_H0.0_R1.0.wav"/>
        <position x="0.2756" y="-0.9613" z="0.0000" id="286" path="/home/yui-sudo/filename_D286.0_H0.0_R1.0.wav"/>
        <position x="0.2924" y="-0.9563" z="0.0000" id="287" path="/home/yui-sudo/filename_D287.0_H0.0_R1.0.wav"/>
        <position x="0.3090" y="-0.9511" z="0.0000" id="288" path="/home/yui-sudo/filename_D288.0_H0.0_R1.0.wav"/>
        <position x="0.3256" y="-0.9455" z="0.0000" id="289" path="/home/yui-sudo/filename_D289.0_H0.0_R1.0.wav"/>
        <position x="0.3420" y="-0.9397" z="0.0000" id="290" path="/home/yui-sudo/filename_D290.0_H0.0_R1.0.wav"/>
        <position x="0.3584" y="-0.9336" z="0.0000" id="291" path="/home/yui-sudo/filename_D291.0_H0.0_R1.0.wav"/>
        <position x="0.3746" y="-0.9272" z="0.0000" id="292" path="/home/yui-sudo/filename_D292.0_H0.0_R1.0.wav"/>
        <position x="0.3907" y="-0.9205" z="0.0000" id="293" path="/home/yui-sudo/filename_D293.0_H0.0_R1.0.wav"/>
        <position x="0.4067" y="-0.9135" z="0.0000" id="294" path="/home/yui-sudo/filename_D294.0_H0.0_R1.0.wav"/>
        <position x="0.4226" y="-0.9063" z="0.0000" id="295" path="/home/yui-sudo/filename_D295.0_H0.0_R1.0.wav"/>
        <position x="0.4384" y="-0.8988" z="0.0000" id="296" path="/home/yui-sudo/filename_D296.0_H0.0_R1.0.wav"/>
        <position x="0.4540" y="-0.8910" z="0.0000" id="297" path="/home/yui-sudo/filename_D297.0_H0.0_R1.0.wav"/>
        <position x="0.4695" y="-0.8829" z="0.0000" id="298" path="/home/yui-sudo/filename_D298.0_H0.0_R1.0.wav"/>
        <position x="0.4848" y="-0.8746" z="0.0000" id="299" path="/home/yui-sudo/filename_D299.0_H0.0_R1.0.wav"/>
        <position x="0.5000" y="-0.8660" z="0.0000" id="300" path="/home/yui-sudo/filename_D300.0_H0.0_R1.0.wav"/>
        <position x="0.5150" y="-0.8572" z="0.0000" id="301" path="/home/yui-sudo/filename_D301.0_H0.0_R1.0.wav"/>
        <position x="0.5299" y="-0.8480" z="0.0000" id="302" path="/home/yui-sudo/filename_D302.0_H0.0_R1.0.wav"/>
        <position x="0.5446" y="-0.8387" z="0.0000" id="303" path="/home/yui-sudo/filename_D303.0_H0.0_R1.0.wav"/>
        <position x="0.5592" y="-0.8290" z="0.0000" id="304" path="/home/yui-sudo/filename_D304.0_H0.0_R1.0.wav"/>
        <position x="0.5736" y="-0.8192" z="0.0000" id="305" path="/home/yui-sudo/filename_D305.0_H0.0_R1.0.wav"/>
        <position x="0.5878" y="-0.8090" z="0.0000" id="306" path="/home/yui-sudo/filename_D306.0_H0.0_R1.0.wav"/>
        <position x="0.6018" y="-0.7986" z="0.0000" id="307" path="/home/yui-sudo/filename_D307.0_H0.0_R1.0.wav"/>
        <position x="0.6157" y="-0.7880" z="0.0000" id="308" path="/home/yui-sudo/filename_D308.0_H0.0_R1.0.wav"/>
        <position x="0.6293" y="-0.7771" z="0.0000" id="309" path="/home/yui-sudo/filename_D309.0_H0.0_R1.0.wav"/>
        <position x="0.6428" y="-0.7660" z="0.0000" id="310" path="/home/yui-sudo/filename_D310.0_H0.0_R1.0.wav"/>
        <position x="0.6561" y="-0.7547" z="0.0000" id="311" path="/home/yui-sudo/filename_D311.0_H0.0_R1.0.wav"/>
        <position x="0.6691" y="-0.7431" z="0.0000" id="312" path="/home/yui-sudo/filename_D312.0_H0.0_R1.0.wav"/>
        <position x="0.6820" y="-0.7314" z="0.0000" id="313" path="/home/yui-sudo/filename_D313.0_H0.0_R1.0.wav"/>
        <position x="0.6947" y="-0.7193" z="0.0000" id="314" path="/home/yui-sudo/filename_D314.0_H0.0_R1.0.wav"/>
        <position x="0.7071" y="-0.7071" z="0.0000" id="315" path="/home/yui-sudo/filename_D315.0_H0.0_R1.0.wav"/>
        <position x="0.7193" y="-0.6947" z="0.0000" id="316" path="/home/yui-sudo/filename_D316.0_H0.0_R1.0.wav"/>
        <position x="0.7314" y="-0.6820" z="0.0000" id="317" path="/home/yui-sudo/filename_D317.0_H0.0_R1.0.wav"/>
        <position x="0.7431" y="-0.6691" z="0.0000" id="318" path="/home/yui-sudo/filename_D318.0_H0.0_R1.0.wav"/>
        <position x="0.7547" y="-0.6561" z="0.0000" id="319" path="/home/yui-sudo/filename_D319.0_H0.0_R1.0.wav"/>
        <position x="0.7660" y="-0.6428" z="0.0000" id="320" path="/home/yui-sudo/filename_D320.0_H0.0_R1.0.wav"/>
        <position x="0.7771" y="-0.6293" z="0.0000" id="321" path="/home/yui-sudo/filename_D321.0_H0.0_R1.0.wav"/>
        <position x="0.7880" y="-0.6157" z="0.0000" id="322" path="/home/yui-sudo/filename_D322.0_H0.0_R1.0.wav"/>
        <position x="0.7986" y="-0.6018" z="0.0000" id="323" path="/home/yui-sudo/filename_D323.0_H0.0_R1.0.wav"/>
        <position x="0.8090" y="-0.5878" z="0.0000" id="324" path="/home/yui-sudo/filename_D324.0_H0.0_R1.0.wav"/>
        <position x="0.8192" y="-0.5736" z="0.0000" id="325" path="/home/yui-sudo/filename_D325.0_H0.0_R1.0.wav"/>
        <position x="0.8290" y="-0.5592" z="0.0000" id="326" path="/home/yui-sudo/filename_D326.0_H0.0_R1.0.wav"/>
        <position x="0.8387" y="-0.5446" z="0.0000" id="327" path="/home/yui-sudo/filename_D327.0_H0.0_R1.0.wav"/>
        <position x="0.8480" y="-0.5299" z="0.0000" id="328" path="/home/yui-sudo/filename_D328.0_H0.0_R1.0.wav"/>
        <position x="0.8572" y="-0.5150" z="0.0000" id="329" path="/home/yui-sudo/filename_D329.0_H0.0_R1.0.wav"/>
        <position x="0.8660" y="-0.5000" z="0.0000" id="330" path="/home/yui-sudo/filename_D330.0_H0.0_R1.0.wav"/>
        <position x="0.8746" y="-0.4848" z="0.0000" id="331" path="/home/yui-sudo/filename_D331.0_H0.0_R1.0.wav"/>
        <position x="0.8829" y="-0.4695" z="0.0000" id="332" path="/home/yui-sudo/filename_D332.0_H0.0_R1.0.wav"/>
        <position x="0.8910" y="-0.4540" z="0.0000" id="333" path="/home/yui-sudo/filename_D333.0_H0.0_R1.0.wav"/>
        <position x="0.8988" y="-0.4384" z="0.0000" id="334" path="/home/yui-sudo/filename_D334.0_H0.0_R1.0.wav"/>
        <position x="0.9063" y="-0.4226" z="0.0000" id="335" path="/home/yui-sudo/filename_D335.0_H0.0_R1.0.wav"/>
        <position x="0.9135" y="-0.4067" z="0.0000" id="336" path="/home/yui-sudo/filename_D336.0_H0.0_R1.0.wav"/>
        <position x="0.9205" y="-0.3907" z="0.0000" id="337" path="/home/yui-sudo/filename_D337.0_H0.0_R1.0.wav"/>
        <position x="0.9272" y="-0.3746" z="0.0000" id="338" path="/home/yui-sudo/filename_D338.0_H0.0_R1.0.wav"/>
        <position x="0.9336" y="-0.3584" z="0.0000" id="339" path="/home/yui-sudo/filename_D339.0_H0.0_R1.0.wav"/>
        <position x="0.9397" y="-0.3420" z="0.0000" id="340" path="/home/yui-sudo/filename_D340.0_H0.0_R1.0.wav"/>
        <position x="0.9455" y="-0.3256" z="0.0000" id="341" path="/home/yui-sudo/filename_D341.0_H0.0_R1.0.wav"/>
        <position x="0.9511" y="-0.3090" z="0.0000" id="342" path="/home/yui-sudo/filename_D342.0_H0.0_R1.0.wav"/>
        <position x="0.9563" y="-0.2924" z="0.0000" id="343" path="/home/yui-sudo/filename_D343.0_H0.0_R1.0.wav"/>
        <position x="0.9613" y="-0.2756" z="0.0000" id="344" path="/home/yui-sudo/filename_D344.0_H0.0_R1.0.wav"/>
        <position x="0.9659" y="-0.2588" z="0.0000" id="345" path="/home/yui-sudo/filename_D345.0_H0.0_R1.0.wav"/>
        <position x="0.9703" y="-0.2419" z="0.0000" id="346" path="/home/yui-sudo/filename_D346.0_H0.0_R1.0.wav"/>
        <position x="0.9744" y="-0.2250" z="0.0000" id="347" path="/home/yui-sudo/filename_D347.0_H0.0_R1.0.wav"/>
        <position x="0.9781" y="-0.2079" z="0.0000" id="348" path="/home/yui-sudo/filename_D348.0_H0.0_R1.0.wav"/>
        <position x="0.9816" y="-0.1908" z="0.0000" id="349" path="/home/yui-sudo/filename_D349.0_H0.0_R1.0.wav"/>
        <position x="0.9848" y="-0.1736" z="0.0000" id="350" path="/home/yui-sudo/filename_D350.0_H0.0_R1.0.wav"/>
        <position x="0.9877" y="-0.1564" z="0.0000" id="351" path="/home/yui-sudo/filename_D351.0_H0.0_R1.0.wav"/>
        <position x="0.9903" y="-0.1392" z="0.0000" id="352" path="/home/yui-sudo/filename_D352.0_H0.0_R1.0.wav"/>
        <position x="0.9925" y="-0.1219" z="0.0000" id="353" path="/home/yui-sudo/filename_D353.0_H0.0_R1.0.wav"/>
        <position x="0.9945" y="-0.1045" z="0.0000" id="354" path="/home/yui-sudo/filename_D354.0_H0.0_R1.0.wav"/>
        <position x="0.9962" y="-0.0872" z="0.0000" id="355" path="/home/yui-sudo/filename_D355.0_H0.0_R1.0.wav"/>
        <position x="0.9976" y="-0.0698" z="0.0000" id="356" path="/home/yui-sudo/filename_D356.0_H0.0_R1.0.wav"/>
        <position x="0.9986" y="-0.0523" z="0.0000" id="357" path="/home/yui-sudo/filename_D357.0_H0.0_R1.0.wav"/>
        <position x="0.9994" y="-0.0349" z="0.0000" id="358" path="/home/yui-sudo/filename_D358.0_H0.0_R1.0.wav"/>
        <position x="0.9998" y="-0.0175" z="0.0000" id="359" path="/home/yui-sudo/filename_D359.0_H0.0_R1.0.wav"/>
    </positions>
    <neighbors algorithm="NearestNeighbor">
        <neighbor id="0" ids="0;1;359;"/>
        <neighbor id="1" ids="1;2;0;"/>
        <neighbor id="2" ids="2;1;3;"/>
        <neighbor id="3" ids="3;2;4;"/>
        <neighbor id="4" ids="4;5;3;"/>
        <neighbor id="5" ids="5;6;4;"/>
        <neighbor id="6" ids="6;5;7;"/>
        <neighbor id="7" ids="7;8;6;"/>
        <neighbor id="8" ids="8;9;7;"/>
        <neighbor id="9" ids="9;8;10;"/>
        <neighbor id="10" ids="10;9;11;"/>
        <neighbor id="11" ids="11;12;10;"/>
        <neighbor id="12" ids="12;11;13;"/>
        <neighbor id="13" ids="13;14;12;"/>
        <neighbor id="14" ids="14;13;15;"/>
        <neighbor id="15" ids="15;16;14;"/>
        <neighbor id="16" ids="16;15;17;"/>
        <neighbor id="17" ids="17;18;16;"/>
        <neighbor id="18" ids="18;17;19;"/>
        <neighbor id="19" ids="19;20;18;"/>
        <neighbor id="20" ids="20;19;21;"/>
        <neighbor id="21" ids="21;22;20;"/>
        <neighbor id="22" ids="22;21;23;"/>
        <neighbor id="23" ids="23;22;24;"/>
        <neighbor id="24" ids="24;25;23;"/>
        <neighbor id="25" ids="25;24;26;"/>
        <neighbor id="26" ids="26;27;25;"/>
        <neighbor id="27" ids="27;26;28;"/>
        <neighbor id="28" ids="28;29;27;"/>
        <neighbor id="29" ids="29;28;30;"/>
        <neighbor id="30" ids="30;31;29;"/>
        <neighbor id="31" ids="31;30;32;"/>
        <neighbor id="32" ids="32;33;31;"/>
        <neighbor id="33" ids="33;32;34;"/>
        <neighbor id="34" ids="34;35;33;"/>
        <neighbor id="35" ids="35;34;36;"/>
        <neighbor id="36" ids="36;37;35;"/>
        <neighbor id="37" ids="37;36;38;"/>
        <neighbor id="38" ids="38;39;37;"/>
        <neighbor id="39" ids="39;38;40;"/>
        <neighbor id="40" ids="40;41;39;"/>
        <neighbor id="41" ids="41;42;40;"/>
        <neighbor id="42" ids="42;43;41;"/>
        <neighbor id="43" ids="43;42;44;"/>
        <neighbor id="44" ids="44;45;43;"/>
        <neighbor id="45" ids="45;44;46;"/>
        <neighbor id="46" ids="46;45;47;"/>
        <neighbor id="47" ids="47;48;46;"/>
        <neighbor id="48" ids="48;47;49;"/>
        <neighbor id="49" ids="49;48;50;"/>
        <neighbor id="50" ids="50;49;51;"/>
        <neighbor id="51" ids="51;52;50;"/>
        <neighbor id="52" ids="52;51;53;"/>
        <neighbor id="53" ids="53;54;52;"/>
        <neighbor id="54" ids="54;53;55;"/>
        <neighbor id="55" ids="55;56;54;"/>
        <neighbor id="56" ids="56;55;57;"/>
        <neighbor id="57" ids="57;58;56;"/>
        <neighbor id="58" ids="58;57;59;"/>
        <neighbor id="59" ids="59;60;58;"/>
        <neighbor id="60" ids="60;59;61;"/>
        <neighbor id="61" ids="61;62;60;"/>
        <neighbor id="62" ids="62;61;63;"/>
        <neighbor id="63" ids="63;64;62;"/>
        <neighbor id="64" ids="64;63;65;"/>
        <neighbor id="65" ids="65;66;64;"/>
        <neighbor id="66" ids="66;65;67;"/>
        <neighbor id="67" ids="67;68;66;"/>
        <neighbor id="68" ids="68;69;67;"/>
        <neighbor id="69" ids="69;68;70;"/>
        <neighbor id="70" ids="70;71;69;"/>
        <neighbor id="71" ids="71;70;72;"/>
        <neighbor id="72" ids="72;73;71;"/>
        <neighbor id="73" ids="73;72;74;"/>
        <neighbor id="74" ids="74;75;73;"/>
        <neighbor id="75" ids="75;74;76;"/>
        <neighbor id="76" ids="76;77;75;"/>
        <neighbor id="77" ids="77;76;78;"/>
        <neighbor id="78" ids="78;79;77;"/>
        <neighbor id="79" ids="79;78;80;"/>
        <neighbor id="80" ids="80;81;79;"/>
        <neighbor id="81" ids="81;82;80;"/>
        <neighbor id="82" ids="82;81;83;"/>
        <neighbor id="83" ids="83;82;84;"/>
        <neighbor id="84" ids="84;85;83;"/>
        <neighbor id="85" ids="85;84;86;"/>
        <neighbor id="86" ids="86;85;87;"/>
        <neighbor id="87" ids="87;88;86;"/>
        <neighbor id="88" ids="88;89;87;"/>
        <neighbor id="89" ids="89;88;90;"/>
        <neighbor id="90" ids="90;89;91;"/>
        <neighbor id="91" ids="91;92;90;"/>
        <neighbor id="92" ids="92;91;93;"/>
        <neighbor id="93" ids="93;92;94;"/>
        <neighbor id="94" ids="94;95;93;"/>
        <neighbor id="95" ids="95;96;94;"/>
        <neighbor id="96" ids="96;95;97;"/>
        <neighbor id="97" ids="97;98;96;"/>
        <neighbor id="98" ids="98;99;97;"/>
        <neighbor id="99" ids="99;98;100;"/>
        <neighbor id="100" ids="100;99;101;"/>
        <neighbor id="101" ids="101;102;100;"/>
        <neighbor id="102" ids="102;101;103;"/>
        <neighbor id="103" ids="103;104;102;"/>
        <neighbor id="104" ids="104;103;105;"/>
        <neighbor id="105" ids="105;106;104;"/>
        <neighbor id="106" ids="106;105;107;"/>
        <neighbor id="107" ids="107;108;106;"/>
        <neighbor id="108" ids="108;107;109;"/>
        <neighbor id="109" ids="109;110;108;"/>
        <neighbor id="110" ids="110;109;111;"/>
        <neighbor id="111" ids="111;112;110;"/>
        <neighbor id="112" ids="112;111;113;"/>
        <neighbor id="113" ids="113;112;114;"/>
        <neighbor id="114" ids="114;115;113;"/>
        <neighbor id="115" ids="115;114;116;"/>
        <neighbor id="116" ids="116;117;115;"/>
        <neighbor id="117" ids="117;116;118;"/>
        <neighbor id="118" ids="118;119;117;"/>
        <neighbor id="119" ids="119;118;120;"/>
        <neighbor id="120" ids="120;121;119;"/>
        <neighbor id="121" ids="121;120;122;"/>
        <neighbor id="122" ids="122;123;121;"/>
        <neighbor id="123" ids="123;122;124;"/>
        <neighbor id="124" ids="124;125;123;"/>
        <neighbor id="125" ids="125;124;126;"/>
        <neighbor id="126" ids="126;127;125;"/>
        <neighbor id="127" ids="127;126;128;"/>
        <neighbor id="128" ids="128;129;127;"/>
        <neighbor id="129" ids="129;128;130;"/>
        <neighbor id="130" ids="130;131;129;"/>
        <neighbor id="131" ids="131;132;130;"/>
        <neighbor id="132" ids="132;133;131;"/>
        <neighbor id="133" ids="133;132;134;"/>
        <neighbor id="134" ids="134;135;133;"/>
        <neighbor id="135" ids="135;134;136;"/>
        <neighbor id="136" ids="136;135;137;"/>
        <neighbor id="137" ids="137;138;136;"/>
        <neighbor id="138" ids="138;137;139;"/>
        <neighbor id="139" ids="139;138;140;"/>
        <neighbor id="140" ids="140;139;141;"/>
        <neighbor id="141" ids="141;142;140;"/>
        <neighbor id="142" ids="142;141;143;"/>
        <neighbor id="143" ids="143;144;142;"/>
        <neighbor id="144" ids="144;143;145;"/>
        <neighbor id="145" ids="145;146;144;"/>
        <neighbor id="146" ids="146;145;147;"/>
        <neighbor id="147" ids="147;148;146;"/>
        <neighbor id="148" ids="148;147;149;"/>
        <neighbor id="149" ids="149;150;148;"/>
        <neighbor id="150" ids="150;149;151;"/>
        <neighbor id="151" ids="151;152;150;"/>
        <neighbor id="152" ids="152;151;153;"/>
        <neighbor id="153" ids="153;154;152;"/>
        <neighbor id="154" ids="154;153;155;"/>
        <neighbor id="155" ids="155;156;154;"/>
        <neighbor id="156" ids="156;155;157;"/>
        <neighbor id="157" ids="157;158;156;"/>
        <neighbor id="158" ids="158;159;157;"/>
        <neighbor id="159" ids="159;158;160;"/>
        <neighbor id="160" ids="160;161;159;"/>
        <neighbor id="161" ids="161;160;162;"/>
        <neighbor id="162" ids="162;163;161;"/>
        <neighbor id="163" ids="163;162;164;"/>
        <neighbor id="164" ids="164;165;163;"/>
        <neighbor id="165" ids="165;164;166;"/>
        <neighbor id="166" ids="166;167;165;"/>
        <neighbor id="167" ids="167;166;168;"/>
        <neighbor id="168" ids="168;169;167;"/>
        <neighbor id="169" ids="169;168;170;"/>
        <neighbor id="170" ids="170;171;169;"/>
        <neighbor id="171" ids="171;172;170;"/>
        <neighbor id="172" ids="172;171;173;"/>
        <neighbor id="173" ids="173;172;174;"/>
        <neighbor id="174" ids="174;175;173;"/>
        <neighbor id="175" ids="175;174;176;"/>
        <neighbor id="176" ids="176;175;177;"/>
        <neighbor id="177" ids="177;178;176;"/>
        <neighbor id="178" ids="178;179;177;"/>
        <neighbor id="179" ids="179;178;180;"/>
        <neighbor id="180" ids="180;179;181;"/>
        <neighbor id="181" ids="181;182;180;"/>
        <neighbor id="182" ids="182;181;183;"/>
        <neighbor id="183" ids="183;182;184;"/>
        <neighbor id="184" ids="184;185;183;"/>
        <neighbor id="185" ids="185;186;184;"/>
        <neighbor id="186" ids="186;185;187;"/>
        <neighbor id="187" ids="187;188;186;"/>
        <neighbor id="188" ids="188;189;187;"/>
        <neighbor id="189" ids="189;188;190;"/>
        <neighbor id="190" ids="190;189;191;"/>
        <neighbor id="191" ids="191;192;190;"/>
        <neighbor id="192" ids="192;191;193;"/>
        <neighbor id="193" ids="193;194;192;"/>
        <neighbor id="194" ids="194;193;195;"/>
        <neighbor id="195" ids="195;196;194;"/>
        <neighbor id="196" ids="196;195;197;"/>
        <neighbor id="197" ids="197;198;196;"/>
        <neighbor id="198" ids="198;197;199;"/>
        <neighbor id="199" ids="199;200;198;"/>
        <neighbor id="200" ids="200;199;201;"/>
        <neighbor id="201" ids="201;202;200;"/>
        <neighbor id="202" ids="202;201;203;"/>
        <neighbor id="203" ids="203;202;204;"/>
        <neighbor id="204" ids="204;205;203;"/>
        <neighbor id="205" ids="205;204;206;"/>
        <neighbor id="206" ids="206;207;205;"/>
        <neighbor id="207" ids="207;206;208;"/>
        <neighbor id="208" ids="208;209;207;"/>
        <neighbor id="209" ids="209;208;210;"/>
        <neighbor id="210" ids="210;211;209;"/>
        <neighbor id="211" ids="211;210;212;"/>
        <neighbor id="212" ids="212;213;211;"/>
        <neighbor id="213" ids="213;212;214;"/>
        <neighbor id="214" ids="214;215;213;"/>
        <neighbor id="215" ids="215;214;216;"/>
        <neighbor id="216" ids="216;217;215;"/>
        <neighbor id="217" ids="217;216;218;"/>
        <neighbor id="218" ids="218;219;217;"/>
        <neighbor id="219" ids="219;218;220;"/>
        <neighbor id="220" ids="220;221;219;"/>
        <neighbor id="221" ids="221;222;220;"/>
        <neighbor id="222" ids="222;223;221;"/>
        <neighbor id="223" ids="223;222;224;"/>
        <neighbor id="224" ids="224;225;223;"/>
        <neighbor id="225" ids="225;224;226;"/>
        <neighbor id="226" ids="226;225;227;"/>
        <neighbor id="227" ids="227;228;226;"/>
        <neighbor id="228" ids="228;227;229;"/>
        <neighbor id="229" ids="229;228;230;"/>
        <neighbor id="230" ids="230;229;231;"/>
        <neighbor id="231" ids="231;232;230;"/>
        <neighbor id="232" ids="232;231;233;"/>
        <neighbor id="233" ids="233;234;232;"/>
        <neighbor id="234" ids="234;233;235;"/>
        <neighbor id="235" ids="235;236;234;"/>
        <neighbor id="236" ids="236;235;237;"/>
        <neighbor id="237" ids="237;238;236;"/>
        <neighbor id="238" ids="238;237;239;"/>
        <neighbor id="239" ids="239;240;238;"/>
        <neighbor id="240" ids="240;239;241;"/>
        <neighbor id="241" ids="241;242;240;"/>
        <neighbor id="242" ids="242;241;243;"/>
        <neighbor id="243" ids="243;244;242;"/>
        <neighbor id="244" ids="244;243;245;"/>
        <neighbor id="245" ids="245;246;244;"/>
        <neighbor id="246" ids="246;245;247;"/>
        <neighbor id="247" ids="247;248;246;"/>
        <neighbor id="248" ids="248;249;247;"/>
        <neighbor id="249" ids="249;248;250;"/>
        <neighbor id="250" ids="250;251;249;"/>
        <neighbor id="251" ids="251;250;252;"/>
        <neighbor id="252" ids="252;253;251;"/>
        <neighbor id="253" ids="253;252;254;"/>
        <neighbor id="254" ids="254;255;253;"/>
        <neighbor id="255" ids="255;254;256;"/>
        <neighbor id="256" ids="256;257;255;"/>
        <neighbor id="257" ids="257;256;258;"/>
        <neighbor id="258" ids="258;259;257;"/>
        <neighbor id="259" ids="259;258;260;"/>
        <neighbor id="260" ids="260;261;259;"/>
        <neighbor id="261" ids="261;262;260;"/>
        <neighbor id="262" ids="262;261;263;"/>
        <neighbor id="263" ids="263;262;264;"/>
        <neighbor id="264" ids="264;265;263;"/>
        <neighbor id="265" ids="265;264;266;"/>
        <neighbor id="266" ids="266;265;267;"/>
        <neighbor id="267" ids="267;268;266;"/>
        <neighbor id="268" ids="268;269;267;"/>
        <neighbor id="269" ids="269;268;270;"/>
        <neighbor id="270" ids="270;269;271;"/>
        <neighbor id="271" ids="271;272;270;"/>
        <neighbor id="272" ids="272;271;273;"/>
        <neighbor id="273" ids="273;272;274;"/>
        <neighbor id="274" ids="274;275;273;"/>
        <neighbor id="275" ids="275;276;274;"/>
        <neighbor id="276" ids="276;275;277;"/>
        <neighbor id="277" ids="277;278;276;"/>
        <neighbor id="278" ids="278;279;277;"/>
        <neighbor id="279" ids="279;278;280;"/>
        <neighbor id="280" ids="280;279;281;"/>
        <neighbor id="281" ids="281;282;280;"/>
        <neighbor id="282" ids="282;281;283;"/>
        <neighbor id="283" ids="283;284;282;"/>
        <neighbor id="284" ids="284;283;285;"/>
        <neighbor id="285" ids="285;286;284;"/>
        <neighbor id="286" ids="286;285;287;"/>
        <neighbor id="287" ids="287;288;286;"/>
        <neighbor id="288" ids="288;287;289;"/>
        <neighbor id="289" ids="289;290;288;"/>
        <neighbor id="290" ids="290;289;291;"/>
        <neighbor id="291" ids="291;292;290;"/>
        <neighbor id="292" ids="292;291;293;"/>
        <neighbor id="293" ids="293;292;294;"/>
        <neighbor id="294" ids="294;295;293;"/>
        <neighbor id="295" ids="295;294;296;"/>
        <neighbor id="296" ids="296;297;295;"/>
        <neighbor id="297" ids="297;296;298;"/>
        <neighbor id="298" ids="298;299;297;"/>
        <neighbor id="299" ids="299;298;300;"/>
        <neighbor id="300" ids="300;301;299;"/>
        <neighbor id="301" ids="301;300;302;"/>
        <neighbor id="302" ids="302;303;301;"/>
        <neighbor id="303" ids="303;302;304;"/>
        <neighbor id="304" ids="304;305;303;"/>
        <neighbor id="305" ids="305;304;306;"/>
        <neighbor id="306" ids="306;307;305;"/>
        <neighbor id="307" ids="307;306;308;"/>
        <neighbor id="308" ids="308;309;307;"/>
        <neighbor id="309" ids="309;308;310;"/>
        <neighbor id="310" ids="310;311;309;"/>
        <neighbor id="311" ids="311;312;310;"/>
        <neighbor id="312" ids="312;313;311;"/>
        <neighbor id="313" ids="313;312;314;"/>
        <neighbor id="314" ids="314;315;313;"/>
        <neighbor id="315" ids="315;314;316;"/>
        <neighbor id="316" ids="316;315;317;"/>
        <neighbor id="317" ids="317;318;316;"/>
        <neighbor id="318" ids="318;317;319;"/>
        <neighbor id="319" ids="319;318;320;"/>
        <neighbor id="320" ids="320;319;321;"/>
        <neighbor id="321" ids="321;322;320;"/>
        <neighbor id="322" ids="322;321;323;"/>
        <neighbor id="323" ids="323;324;322;"/>
        <neighbor id="324" ids="324;323;325;"/>
        <neighbor id="325" ids="325;326;324;"/>
        <neighbor id="326" ids="326;325;327;"/>
        <neighbor id="327" ids="327;328;326;"/>
        <neighbor id="328" ids="328;327;329;"/>
        <neighbor id="329" ids="329;330;328;"/>
        <neighbor id="330" ids="330;329;331;"/>
        <neighbor id="331" ids="331;332;330;"/>
        <neighbor id="332" ids="332;331;333;"/>
        <neighbor id="333" ids="333;334;332;"/>
        <neighbor id="334" ids="334;333;335;"/>
        <neighbor id="335" ids="335;336;334;"/>
        <neighbor id="336" ids="336;335;337;"/>
        <neighbor id="337" ids="337;338;336;"/>
        <neighbor id="338" ids="338;339;337;"/>
        <neighbor id="339" ids="339;338;340;"/>
        <neighbor id="340" ids="340;341;339;"/>
        <neighbor id="341" ids="341;340;342;"/>
        <neighbor id="342" ids="342;343;341;"/>
        <neighbor id="343" ids="343;342;344;"/>
        <neighbor id="344" ids="344;345;343;"/>
        <neighbor id="345" ids="345;344;346;"/>
        <neighbor id="346" ids="346;347;345;"/>
        <neighbor id="347" ids="347;346;348;"/>
        <neighbor id="348" ids="348;349;347;"/>
        <neighbor id="349" ids="349;348;350;"/>
        <neighbor id="350" ids="350;351;349;"/>
        <neighbor id="351" ids="351;352;350;"/>
        <neighbor id="352" ids="352;351;353;"/>
        <neighbor id="353" ids="353;352;354;"/>
        <neighbor id="354" ids="354;355;353;"/>
        <neighbor id="355" ids="355;354;356;"/>
        <neighbor id="356" ids="356;355;357;"/>
        <neighbor id="357" ids="357;358;356;"/>
        <neighbor id="358" ids="358;359;357;"/>
        <neighbor id="359" ids="359;358;0;"/>
    </neighbors>
    <channels use="0;1;2;3;4;5;6;7;">
    </channels>
</hark_xml>
