<?xml version="1.0"?>
<hark_xml version="1.3">
    <config>
        <comment>Generated by HARKTOOL5-GUI</comment>
        <SynchronousAverage>16</SynchronousAverage>
        <TSPpath>/usr/share/hark/16384.little_endian.wav</TSPpath>
        <TSPOffset>16384</TSPOffset>
        <PeakSearch from="0" to="0"/>
        <nfft>512</nfft>
        <samplingRate>16000</samplingRate>
        <signalMax>32768</signalMax>
        <TSPLength>16384</TSPLength>
    </config>
    <positions type="tsp" coordinate="cartesian">
        <position x="1.0000" y="0.0000" z="0.0000" id="0" path="/home/yui-sudo/filename_D0.0_E0.0_R1.0.wav"/>
        <position x="0.7071" y="0.7071" z="0.0000" id="1" path="/home/yui-sudo/filename_D45.0_E0.0_R1.0.wav"/>
        <position x="0.0000" y="1.0000" z="0.0000" id="2" path="/home/yui-sudo/filename_D90.0_E0.0_R1.0.wav"/>
        <position x="-0.7071" y="0.7071" z="0.0000" id="3" path="/home/yui-sudo/filename_D135.0_E0.0_R1.0.wav"/>
        <position x="-1.0000" y="0.0000" z="0.0000" id="4" path="/home/yui-sudo/filename_D180.0_E0.0_R1.0.wav"/>
        <position x="-0.7071" y="-0.7071" z="0.0000" id="5" path="/home/yui-sudo/filename_D225.0_E0.0_R1.0.wav"/>
        <position x="0.0000" y="-1.0000" z="0.0000" id="6" path="/home/yui-sudo/filename_D270.0_E0.0_R1.0.wav"/>
        <position x="0.7071" y="-0.7071" z="0.0000" id="7" path="/home/yui-sudo/filename_D315.0_E0.0_R1.0.wav"/>
    </positions>
    <neighbors algorithm="NearestNeighbor">
        <neighbor id="0" ids="0;"/>
        <neighbor id="1" ids="1;"/>
        <neighbor id="2" ids="2;"/>
        <neighbor id="3" ids="3;"/>
        <neighbor id="4" ids="4;"/>
        <neighbor id="5" ids="5;"/>
        <neighbor id="6" ids="6;"/>
        <neighbor id="7" ids="7;"/>
    </neighbors>
    <channels use="0;1;2;3;4;5;6;7;">
    </channels>
</hark_xml>
